PassengerId,Survived,Pclass,Gender,Age,Fare,Embarked,AgeBin,FareBin,HasCabin,FamilySize,IsAlone,Title
1,0,3,0,22.0,7.25,S,Young Adult,Low,0,2,0,Mr
2,1,1,1,38.0,71.2833,C,Adult,High,1,2,0,Mrs
3,1,3,1,26.0,7.925,S,Young Adult,Medium-Low,0,1,1,Miss
4,1,1,1,35.0,53.1,S,Young Adult,High,1,2,0,Mrs
5,0,3,0,35.0,8.05,S,Young Adult,Medium-Low,0,1,1,Mr
6,0,3,0,24.0,8.4583,Q,Young Adult,Medium-Low,0,1,1,Mr
7,0,1,0,54.0,51.8625,S,Adult,High,1,1,1,Mr
8,0,3,0,2.0,21.075,S,Child,Medium-High,0,5,0,Master
9,1,3,1,27.0,11.1333,S,Young Adult,Medium-Low,0,3,0,Mrs
10,1,2,1,14.0,30.0708,C,Teenager,Medium-High,0,2,0,Mrs
11,1,3,1,4.0,16.7,S,Child,Medium-High,1,3,0,Miss
12,1,1,1,58.0,26.55,S,Adult,Medium-High,1,1,1,Miss
13,0,3,0,20.0,8.05,S,Young Adult,Medium-Low,0,1,1,Mr
14,0,3,0,39.0,31.275,S,Adult,High,0,7,0,Mr
15,0,3,1,14.0,7.8542,S,Teenager,Low,0,1,1,Miss
16,1,2,1,55.0,16.0,S,Adult,Medium-High,0,1,1,Mrs
17,0,3,0,2.0,29.125,Q,Child,Medium-High,0,6,0,Master
18,1,2,0,29.0,13.0,S,Young Adult,Medium-Low,0,1,1,Mr
19,0,3,1,31.0,18.0,S,Young Adult,Medium-High,0,2,0,Mrs
20,1,3,1,24.0,7.225,C,Young Adult,Low,0,1,1,Mrs
21,0,2,0,35.0,26.0,S,Young Adult,Medium-High,0,1,1,Mr
22,1,2,0,34.0,13.0,S,Young Adult,Medium-Low,1,1,1,Mr
23,1,3,1,15.0,8.0292,Q,Teenager,Medium-Low,0,1,1,Miss
24,1,1,0,28.0,35.5,S,Young Adult,High,1,1,1,Mr
25,0,3,1,8.0,21.075,S,Child,Medium-High,0,5,0,Miss
26,1,3,1,38.0,31.3875,S,Adult,High,0,7,0,Mrs
27,0,3,0,24.0,7.225,C,Young Adult,Low,0,1,1,Mr
28,0,1,0,19.0,263.0,S,Young Adult,High,1,6,0,Mr
29,1,3,1,24.0,7.8792,Q,Young Adult,Low,0,1,1,Miss
30,0,3,0,24.0,7.8958,S,Young Adult,Low,0,1,1,Mr
31,0,1,0,40.0,27.7208,C,Adult,Medium-High,0,1,1,Other
32,1,1,1,37.0,146.5208,C,Adult,High,1,2,0,Mrs
33,1,3,1,24.0,7.75,Q,Young Adult,Low,0,1,1,Miss
34,0,2,0,66.0,10.5,S,Senior,Medium-Low,0,1,1,Mr
35,0,1,0,28.0,82.1708,C,Young Adult,High,0,2,0,Mr
36,0,1,0,42.0,52.0,S,Adult,High,0,2,0,Mr
37,1,3,0,24.0,7.2292,C,Young Adult,Low,0,1,1,Mr
38,0,3,0,21.0,8.05,S,Young Adult,Medium-Low,0,1,1,Mr
39,0,3,1,18.0,18.0,S,Teenager,Medium-High,0,3,0,Miss
40,1,3,1,14.0,11.2417,C,Teenager,Medium-Low,0,2,0,Miss
41,0,3,1,40.0,9.475,S,Adult,Medium-Low,0,2,0,Mrs
42,0,2,1,27.0,21.0,S,Young Adult,Medium-High,0,2,0,Mrs
43,0,3,0,24.0,7.8958,C,Young Adult,Low,0,1,1,Mr
44,1,2,1,3.0,41.5792,C,Child,High,0,4,0,Miss
45,1,3,1,19.0,7.8792,Q,Young Adult,Low,0,1,1,Miss
46,0,3,0,24.0,8.05,S,Young Adult,Medium-Low,0,1,1,Mr
47,0,3,0,24.0,15.5,Q,Young Adult,Medium-High,0,2,0,Mr
48,1,3,1,24.0,7.75,Q,Young Adult,Low,0,1,1,Miss
49,0,3,0,24.0,21.6792,C,Young Adult,Medium-High,0,3,0,Mr
50,0,3,1,18.0,17.8,S,Teenager,Medium-High,0,2,0,Mrs
51,0,3,0,7.0,39.6875,S,Child,High,0,6,0,Master
52,0,3,0,21.0,7.8,S,Young Adult,Low,0,1,1,Mr
53,1,1,1,49.0,76.7292,C,Adult,High,1,2,0,Mrs
54,1,2,1,29.0,26.0,S,Young Adult,Medium-High,0,2,0,Mrs
55,0,1,0,65.0,61.9792,C,Senior,High,1,2,0,Mr
56,1,1,0,37.0,35.5,S,Adult,High,1,1,1,Mr
57,1,2,1,21.0,10.5,S,Young Adult,Medium-Low,0,1,1,Miss
58,0,3,0,28.5,7.2292,C,Young Adult,Low,0,1,1,Mr
59,1,2,1,5.0,27.75,S,Child,Medium-High,0,4,0,Miss
60,0,3,0,11.0,46.9,S,Child,High,0,8,0,Master
61,0,3,0,22.0,7.2292,C,Young Adult,Low,0,1,1,Mr
62,1,1,1,38.0,80.0,S,Adult,High,1,1,1,Miss
63,0,1,0,45.0,83.475,S,Adult,High,1,2,0,Mr
64,0,3,0,4.0,27.9,S,Child,Medium-High,0,6,0,Master
65,0,1,0,37.0,27.7208,C,Adult,Medium-High,0,1,1,Mr
66,1,3,0,24.0,15.2458,C,Young Adult,Medium-High,0,3,0,Master
67,1,2,1,29.0,10.5,S,Young Adult,Medium-Low,1,1,1,Mrs
68,0,3,0,19.0,8.1583,S,Young Adult,Medium-Low,0,1,1,Mr
69,1,3,1,17.0,7.925,S,Teenager,Medium-Low,0,7,0,Miss
70,0,3,0,26.0,8.6625,S,Young Adult,Medium-Low,0,3,0,Mr
71,0,2,0,32.0,10.5,S,Young Adult,Medium-Low,0,1,1,Mr
72,0,3,1,16.0,46.9,S,Teenager,High,0,8,0,Miss
73,0,2,0,21.0,73.5,S,Young Adult,High,0,1,1,Mr
74,0,3,0,26.0,14.4542,C,Young Adult,Medium-High,0,2,0,Mr
75,1,3,0,32.0,56.4958,S,Young Adult,High,0,1,1,Mr
76,0,3,0,25.0,7.65,S,Young Adult,Low,1,1,1,Mr
77,0,3,0,24.0,7.8958,S,Young Adult,Low,0,1,1,Mr
78,0,3,0,24.0,8.05,S,Young Adult,Medium-Low,0,1,1,Mr
79,1,2,0,0.83,29.0,S,Child,Medium-High,0,3,0,Master
80,1,3,1,30.0,12.475,S,Young Adult,Medium-Low,0,1,1,Miss
81,0,3,0,22.0,9.0,S,Young Adult,Medium-Low,0,1,1,Mr
82,1,3,0,29.0,9.5,S,Young Adult,Medium-Low,0,1,1,Mr
83,1,3,1,24.0,7.7875,Q,Young Adult,Low,0,1,1,Miss
84,0,1,0,28.0,47.1,S,Young Adult,High,0,1,1,Mr
85,1,2,1,17.0,10.5,S,Teenager,Medium-Low,0,1,1,Miss
86,1,3,1,33.0,15.85,S,Young Adult,Medium-High,0,4,0,Mrs
87,0,3,0,16.0,34.375,S,Teenager,High,0,5,0,Mr
88,0,3,0,24.0,8.05,S,Young Adult,Medium-Low,0,1,1,Mr
89,1,1,1,23.0,263.0,S,Young Adult,High,1,6,0,Miss
90,0,3,0,24.0,8.05,S,Young Adult,Medium-Low,0,1,1,Mr
91,0,3,0,29.0,8.05,S,Young Adult,Medium-Low,0,1,1,Mr
92,0,3,0,20.0,7.8542,S,Young Adult,Low,0,1,1,Mr
93,0,1,0,46.0,61.175,S,Adult,High,1,2,0,Mr
94,0,3,0,26.0,20.575,S,Young Adult,Medium-High,0,4,0,Mr
95,0,3,0,59.0,7.25,S,Adult,Low,0,1,1,Mr
96,0,3,0,24.0,8.05,S,Young Adult,Medium-Low,0,1,1,Mr
97,0,1,0,71.0,34.6542,C,Senior,High,1,1,1,Mr
98,1,1,0,23.0,63.3583,C,Young Adult,High,1,2,0,Mr
99,1,2,1,34.0,23.0,S,Young Adult,Medium-High,0,2,0,Mrs
100,0,2,0,34.0,26.0,S,Young Adult,Medium-High,0,2,0,Mr
101,0,3,1,28.0,7.8958,S,Young Adult,Low,0,1,1,Miss
102,0,3,0,24.0,7.8958,S,Young Adult,Low,0,1,1,Mr
103,0,1,0,21.0,77.2875,S,Young Adult,High,1,2,0,Mr
104,0,3,0,33.0,8.6542,S,Young Adult,Medium-Low,0,1,1,Mr
105,0,3,0,37.0,7.925,S,Adult,Medium-Low,0,3,0,Mr
106,0,3,0,28.0,7.8958,S,Young Adult,Low,0,1,1,Mr
107,1,3,1,21.0,7.65,S,Young Adult,Low,0,1,1,Miss
108,1,3,0,24.0,7.775,S,Young Adult,Low,0,1,1,Mr
109,0,3,0,38.0,7.8958,S,Adult,Low,0,1,1,Mr
110,1,3,1,24.0,24.15,Q,Young Adult,Medium-High,0,2,0,Miss
111,0,1,0,47.0,52.0,S,Adult,High,1,1,1,Mr
112,0,3,1,14.5,14.4542,C,Teenager,Medium-High,0,2,0,Miss
113,0,3,0,22.0,8.05,S,Young Adult,Medium-Low,0,1,1,Mr
114,0,3,1,20.0,9.825,S,Young Adult,Medium-Low,0,2,0,Miss
115,0,3,1,17.0,14.4583,C,Teenager,Medium-High,0,1,1,Miss
116,0,3,0,21.0,7.925,S,Young Adult,Medium-Low,0,1,1,Mr
117,0,3,0,70.5,7.75,Q,Senior,Low,0,1,1,Mr
118,0,2,0,29.0,21.0,S,Young Adult,Medium-High,0,2,0,Mr
119,0,1,0,24.0,247.5208,C,Young Adult,High,1,2,0,Mr
120,0,3,1,2.0,31.275,S,Child,High,0,7,0,Miss
121,0,2,0,21.0,73.5,S,Young Adult,High,0,3,0,Mr
122,0,3,0,24.0,8.05,S,Young Adult,Medium-Low,0,1,1,Mr
123,0,2,0,32.5,30.0708,C,Young Adult,Medium-High,0,2,0,Mr
124,1,2,1,32.5,13.0,S,Young Adult,Medium-Low,1,1,1,Miss
125,0,1,0,54.0,77.2875,S,Adult,High,1,2,0,Mr
126,1,3,0,12.0,11.2417,C,Child,Medium-Low,0,2,0,Master
127,0,3,0,24.0,7.75,Q,Young Adult,Low,0,1,1,Mr
128,1,3,0,24.0,7.1417,S,Young Adult,Low,0,1,1,Mr
129,1,3,1,24.0,22.3583,C,Young Adult,Medium-High,1,3,0,Miss
130,0,3,0,45.0,6.975,S,Adult,Low,0,1,1,Mr
131,0,3,0,33.0,7.8958,C,Young Adult,Low,0,1,1,Mr
132,0,3,0,20.0,7.05,S,Young Adult,Low,0,1,1,Mr
133,0,3,1,47.0,14.5,S,Adult,Medium-High,0,2,0,Mrs
134,1,2,1,29.0,26.0,S,Young Adult,Medium-High,0,2,0,Mrs
135,0,2,0,25.0,13.0,S,Young Adult,Medium-Low,0,1,1,Mr
136,0,2,0,23.0,15.0458,C,Young Adult,Medium-High,0,1,1,Mr
137,1,1,1,19.0,26.2833,S,Young Adult,Medium-High,1,3,0,Miss
138,0,1,0,37.0,53.1,S,Adult,High,1,2,0,Mr
139,0,3,0,16.0,9.2167,S,Teenager,Medium-Low,0,1,1,Mr
140,0,1,0,24.0,79.2,C,Young Adult,High,1,1,1,Mr
141,0,3,1,24.0,15.2458,C,Young Adult,Medium-High,0,3,0,Mrs
142,1,3,1,22.0,7.75,S,Young Adult,Low,0,1,1,Miss
143,1,3,1,24.0,15.85,S,Young Adult,Medium-High,0,2,0,Mrs
144,0,3,0,19.0,6.75,Q,Young Adult,Low,0,1,1,Mr
145,0,2,0,18.0,11.5,S,Teenager,Medium-Low,0,1,1,Mr
146,0,2,0,19.0,36.75,S,Young Adult,High,0,3,0,Mr
147,1,3,0,27.0,7.7958,S,Young Adult,Low,0,1,1,Mr
148,0,3,1,9.0,34.375,S,Child,High,0,5,0,Miss
149,0,2,0,36.5,26.0,S,Adult,Medium-High,1,3,0,Mr
150,0,2,0,42.0,13.0,S,Adult,Medium-Low,0,1,1,Officer
151,0,2,0,51.0,12.525,S,Adult,Medium-Low,0,1,1,Officer
152,1,1,1,22.0,66.6,S,Young Adult,High,1,2,0,Mrs
153,0,3,0,55.5,8.05,S,Adult,Medium-Low,0,1,1,Mr
154,0,3,0,40.5,14.5,S,Adult,Medium-High,0,3,0,Mr
155,0,3,0,24.0,7.3125,S,Young Adult,Low,0,1,1,Mr
156,0,1,0,51.0,61.3792,C,Adult,High,0,2,0,Mr
157,1,3,1,16.0,7.7333,Q,Teenager,Low,0,1,1,Miss
158,0,3,0,30.0,8.05,S,Young Adult,Medium-Low,0,1,1,Mr
159,0,3,0,24.0,8.6625,S,Young Adult,Medium-Low,0,1,1,Mr
160,0,3,0,24.0,69.55,S,Young Adult,High,0,11,0,Master
161,0,3,0,44.0,16.1,S,Adult,Medium-High,0,2,0,Mr
162,1,2,1,40.0,15.75,S,Adult,Medium-High,0,1,1,Mrs
163,0,3,0,26.0,7.775,S,Young Adult,Low,0,1,1,Mr
164,0,3,0,17.0,8.6625,S,Teenager,Medium-Low,0,1,1,Mr
165,0,3,0,1.0,39.6875,S,Child,High,0,6,0,Master
166,1,3,0,9.0,20.525,S,Child,Medium-High,0,3,0,Master
167,1,1,1,37.0,55.0,S,Adult,High,1,2,0,Mrs
168,0,3,1,45.0,27.9,S,Adult,Medium-High,0,6,0,Mrs
169,0,1,0,37.0,25.925,S,Adult,Medium-High,0,1,1,Mr
170,0,3,0,28.0,56.4958,S,Young Adult,High,0,1,1,Mr
171,0,1,0,61.0,33.5,S,Senior,High,1,1,1,Mr
172,0,3,0,4.0,29.125,Q,Child,Medium-High,0,6,0,Master
173,1,3,1,1.0,11.1333,S,Child,Medium-Low,0,3,0,Miss
174,0,3,0,21.0,7.925,S,Young Adult,Medium-Low,0,1,1,Mr
175,0,1,0,56.0,30.6958,C,Adult,Medium-High,1,1,1,Mr
176,0,3,0,18.0,7.8542,S,Teenager,Low,0,3,0,Mr
177,0,3,0,24.0,25.4667,S,Young Adult,Medium-High,0,5,0,Master
178,0,1,1,50.0,28.7125,C,Adult,Medium-High,1,1,1,Miss
179,0,2,0,30.0,13.0,S,Young Adult,Medium-Low,0,1,1,Mr
180,0,3,0,36.0,0.0,S,Adult,,0,1,1,Mr
181,0,3,1,24.0,69.55,S,Young Adult,High,0,11,0,Miss
182,0,2,0,29.0,15.05,C,Young Adult,Medium-High,0,1,1,Mr
183,0,3,0,9.0,31.3875,S,Child,High,0,7,0,Master
184,1,2,0,1.0,39.0,S,Child,High,1,4,0,Master
185,1,3,1,4.0,22.025,S,Child,Medium-High,0,3,0,Miss
186,0,1,0,37.0,50.0,S,Adult,High,1,1,1,Mr
187,1,3,1,24.0,15.5,Q,Young Adult,Medium-High,0,2,0,Mrs
188,1,1,0,45.0,26.55,S,Adult,Medium-High,0,1,1,Mr
189,0,3,0,40.0,15.5,Q,Adult,Medium-High,0,3,0,Mr
190,0,3,0,36.0,7.8958,S,Adult,Low,0,1,1,Mr
191,1,2,1,32.0,13.0,S,Young Adult,Medium-Low,0,1,1,Mrs
192,0,2,0,19.0,13.0,S,Young Adult,Medium-Low,0,1,1,Mr
193,1,3,1,19.0,7.8542,S,Young Adult,Low,0,2,0,Miss
194,1,2,0,3.0,26.0,S,Child,Medium-High,1,3,0,Master
195,1,1,1,44.0,27.7208,C,Adult,Medium-High,1,1,1,Mrs
196,1,1,1,58.0,146.5208,C,Adult,High,1,1,1,Miss
197,0,3,0,24.0,7.75,Q,Young Adult,Low,0,1,1,Mr
198,0,3,0,42.0,8.4042,S,Adult,Medium-Low,0,2,0,Mr
199,1,3,1,24.0,7.75,Q,Young Adult,Low,0,1,1,Miss
200,0,2,1,24.0,13.0,S,Young Adult,Medium-Low,0,1,1,Miss
201,0,3,0,28.0,9.5,S,Young Adult,Medium-Low,0,1,1,Mr
202,0,3,0,24.0,69.55,S,Young Adult,High,0,11,0,Mr
203,0,3,0,34.0,6.4958,S,Young Adult,Low,0,1,1,Mr
204,0,3,0,45.5,7.225,C,Adult,Low,0,1,1,Mr
205,1,3,0,18.0,8.05,S,Teenager,Medium-Low,0,1,1,Mr
206,0,3,1,2.0,10.4625,S,Child,Medium-Low,1,2,0,Miss
207,0,3,0,32.0,15.85,S,Young Adult,Medium-High,0,2,0,Mr
208,1,3,0,26.0,18.7875,C,Young Adult,Medium-High,0,1,1,Mr
209,1,3,1,16.0,7.75,Q,Teenager,Low,0,1,1,Miss
210,1,1,0,40.0,31.0,C,Adult,Medium-High,1,1,1,Mr
211,0,3,0,24.0,7.05,S,Young Adult,Low,0,1,1,Mr
212,1,2,1,35.0,21.0,S,Young Adult,Medium-High,0,1,1,Miss
213,0,3,0,22.0,7.25,S,Young Adult,Low,0,1,1,Mr
214,0,2,0,30.0,13.0,S,Young Adult,Medium-Low,0,1,1,Mr
215,0,3,0,24.0,7.75,Q,Young Adult,Low,0,2,0,Mr
216,1,1,1,31.0,113.275,C,Young Adult,High,1,2,0,Miss
217,1,3,1,27.0,7.925,S,Young Adult,Medium-Low,0,1,1,Miss
218,0,2,0,42.0,27.0,S,Adult,Medium-High,0,2,0,Mr
219,1,1,1,32.0,76.2917,C,Young Adult,High,1,1,1,Miss
220,0,2,0,30.0,10.5,S,Young Adult,Medium-Low,0,1,1,Mr
221,1,3,0,16.0,8.05,S,Teenager,Medium-Low,0,1,1,Mr
222,0,2,0,27.0,13.0,S,Young Adult,Medium-Low,0,1,1,Mr
223,0,3,0,51.0,8.05,S,Adult,Medium-Low,0,1,1,Mr
224,0,3,0,24.0,7.8958,S,Young Adult,Low,0,1,1,Mr
225,1,1,0,38.0,90.0,S,Adult,High,1,2,0,Mr
226,0,3,0,22.0,9.35,S,Young Adult,Medium-Low,0,1,1,Mr
227,1,2,0,19.0,10.5,S,Young Adult,Medium-Low,0,1,1,Mr
228,0,3,0,20.5,7.25,S,Young Adult,Low,0,1,1,Mr
229,0,2,0,18.0,13.0,S,Teenager,Medium-Low,0,1,1,Mr
230,0,3,1,24.0,25.4667,S,Young Adult,Medium-High,0,5,0,Miss
231,1,1,1,35.0,83.475,S,Young Adult,High,1,2,0,Mrs
232,0,3,0,29.0,7.775,S,Young Adult,Low,0,1,1,Mr
233,0,2,0,59.0,13.5,S,Adult,Medium-Low,0,1,1,Mr
234,1,3,1,5.0,31.3875,S,Child,High,0,7,0,Miss
235,0,2,0,24.0,10.5,S,Young Adult,Medium-Low,0,1,1,Mr
236,0,3,1,24.0,7.55,S,Young Adult,Low,0,1,1,Miss
237,0,2,0,44.0,26.0,S,Adult,Medium-High,0,2,0,Mr
238,1,2,1,8.0,26.25,S,Child,Medium-High,0,3,0,Miss
239,0,2,0,19.0,10.5,S,Young Adult,Medium-Low,0,1,1,Mr
240,0,2,0,33.0,12.275,S,Young Adult,Medium-Low,0,1,1,Mr
241,0,3,1,24.0,14.4542,C,Young Adult,Medium-High,0,2,0,Miss
242,1,3,1,24.0,15.5,Q,Young Adult,Medium-High,0,2,0,Miss
243,0,2,0,29.0,10.5,S,Young Adult,Medium-Low,0,1,1,Mr
244,0,3,0,22.0,7.125,S,Young Adult,Low,0,1,1,Mr
245,0,3,0,30.0,7.225,C,Young Adult,Low,0,1,1,Mr
246,0,1,0,44.0,90.0,Q,Adult,High,1,3,0,Officer
247,0,3,1,25.0,7.775,S,Young Adult,Low,0,1,1,Miss
248,1,2,1,24.0,14.5,S,Young Adult,Medium-High,0,3,0,Mrs
249,1,1,0,37.0,52.5542,S,Adult,High,1,3,0,Mr
250,0,2,0,54.0,26.0,S,Adult,Medium-High,0,2,0,Officer
251,0,3,0,24.0,7.25,S,Young Adult,Low,0,1,1,Mr
252,0,3,1,29.0,10.4625,S,Young Adult,Medium-Low,1,3,0,Mrs
253,0,1,0,62.0,26.55,S,Senior,Medium-High,1,1,1,Mr
254,0,3,0,30.0,16.1,S,Young Adult,Medium-High,0,2,0,Mr
255,0,3,1,41.0,20.2125,S,Adult,Medium-High,0,3,0,Mrs
256,1,3,1,29.0,15.2458,C,Young Adult,Medium-High,0,3,0,Mrs
257,1,1,1,37.0,79.2,C,Adult,High,0,1,1,Mrs
258,1,1,1,30.0,86.5,S,Young Adult,High,1,1,1,Miss
259,1,1,1,35.0,512.3292,C,Young Adult,High,0,1,1,Miss
260,1,2,1,50.0,26.0,S,Adult,Medium-High,0,2,0,Mrs
261,0,3,0,24.0,7.75,Q,Young Adult,Low,0,1,1,Mr
262,1,3,0,3.0,31.3875,S,Child,High,0,7,0,Master
263,0,1,0,52.0,79.65,S,Adult,High,1,3,0,Mr
264,0,1,0,40.0,0.0,S,Adult,,1,1,1,Mr
265,0,3,1,24.0,7.75,Q,Young Adult,Low,0,1,1,Miss
266,0,2,0,36.0,10.5,S,Adult,Medium-Low,0,1,1,Mr
267,0,3,0,16.0,39.6875,S,Teenager,High,0,6,0,Mr
268,1,3,0,25.0,7.775,S,Young Adult,Low,0,2,0,Mr
269,1,1,1,58.0,153.4625,S,Adult,High,1,2,0,Mrs
270,1,1,1,35.0,135.6333,S,Young Adult,High,1,1,1,Miss
271,0,1,0,37.0,31.0,S,Adult,Medium-High,0,1,1,Mr
272,1,3,0,25.0,0.0,S,Young Adult,,0,1,1,Mr
273,1,2,1,41.0,19.5,S,Adult,Medium-High,0,2,0,Mrs
274,0,1,0,37.0,29.7,C,Adult,Medium-High,1,2,0,Mr
275,1,3,1,24.0,7.75,Q,Young Adult,Low,0,1,1,Miss
276,1,1,1,63.0,77.9583,S,Senior,High,1,2,0,Miss
277,0,3,1,45.0,7.75,S,Adult,Low,0,1,1,Miss
278,0,2,0,29.0,0.0,S,Young Adult,,0,1,1,Mr
279,0,3,0,7.0,29.125,Q,Child,Medium-High,0,6,0,Master
280,1,3,1,35.0,20.25,S,Young Adult,Medium-High,0,3,0,Mrs
281,0,3,0,65.0,7.75,Q,Senior,Low,0,1,1,Mr
282,0,3,0,28.0,7.8542,S,Young Adult,Low,0,1,1,Mr
283,0,3,0,16.0,9.5,S,Teenager,Medium-Low,0,1,1,Mr
284,1,3,0,19.0,8.05,S,Young Adult,Medium-Low,0,1,1,Mr
285,0,1,0,37.0,26.0,S,Adult,Medium-High,1,1,1,Mr
286,0,3,0,33.0,8.6625,C,Young Adult,Medium-Low,0,1,1,Mr
287,1,3,0,30.0,9.5,S,Young Adult,Medium-Low,0,1,1,Mr
288,0,3,0,22.0,7.8958,S,Young Adult,Low,0,1,1,Mr
289,1,2,0,42.0,13.0,S,Adult,Medium-Low,0,1,1,Mr
290,1,3,1,22.0,7.75,Q,Young Adult,Low,0,1,1,Miss
291,1,1,1,26.0,78.85,S,Young Adult,High,0,1,1,Miss
292,1,1,1,19.0,91.0792,C,Young Adult,High,1,2,0,Mrs
293,0,2,0,36.0,12.875,C,Adult,Medium-Low,1,1,1,Mr
294,0,3,1,24.0,8.85,S,Young Adult,Medium-Low,0,1,1,Miss
295,0,3,0,24.0,7.8958,S,Young Adult,Low,0,1,1,Mr
296,0,1,0,37.0,27.7208,C,Adult,Medium-High,0,1,1,Mr
297,0,3,0,23.5,7.2292,C,Young Adult,Low,0,1,1,Mr
298,0,1,1,2.0,151.55,S,Child,High,1,4,0,Miss
299,1,1,0,37.0,30.5,S,Adult,Medium-High,1,1,1,Mr
300,1,1,1,50.0,247.5208,C,Adult,High,1,2,0,Mrs
301,1,3,1,24.0,7.75,Q,Young Adult,Low,0,1,1,Miss
302,1,3,0,24.0,23.25,Q,Young Adult,Medium-High,0,3,0,Mr
303,0,3,0,19.0,0.0,S,Young Adult,,0,1,1,Mr
304,1,2,1,29.0,12.35,Q,Young Adult,Medium-Low,1,1,1,Miss
305,0,3,0,24.0,8.05,S,Young Adult,Medium-Low,0,1,1,Mr
306,1,1,0,0.92,151.55,S,Child,High,1,4,0,Master
307,1,1,1,37.0,110.8833,C,Adult,High,0,1,1,Miss
308,1,1,1,17.0,108.9,C,Teenager,High,1,2,0,Mrs
309,0,2,0,30.0,24.0,C,Young Adult,Medium-High,0,2,0,Mr
310,1,1,1,30.0,56.9292,C,Young Adult,High,1,1,1,Miss
311,1,1,1,24.0,83.1583,C,Young Adult,High,1,1,1,Miss
312,1,1,1,18.0,262.375,C,Teenager,High,1,5,0,Miss
313,0,2,1,26.0,26.0,S,Young Adult,Medium-High,0,3,0,Mrs
314,0,3,0,28.0,7.8958,S,Young Adult,Low,0,1,1,Mr
315,0,2,0,43.0,26.25,S,Adult,Medium-High,0,3,0,Mr
316,1,3,1,26.0,7.8542,S,Young Adult,Low,0,1,1,Miss
317,1,2,1,24.0,26.0,S,Young Adult,Medium-High,0,2,0,Mrs
318,0,2,0,54.0,14.0,S,Adult,Medium-Low,0,1,1,Officer
319,1,1,1,31.0,164.8667,S,Young Adult,High,1,3,0,Miss
320,1,1,1,40.0,134.5,C,Adult,High,1,3,0,Mrs
321,0,3,0,22.0,7.25,S,Young Adult,Low,0,1,1,Mr
322,0,3,0,27.0,7.8958,S,Young Adult,Low,0,1,1,Mr
323,1,2,1,30.0,12.35,Q,Young Adult,Medium-Low,0,1,1,Miss
324,1,2,1,22.0,29.0,S,Young Adult,Medium-High,0,3,0,Mrs
325,0,3,0,24.0,69.55,S,Young Adult,High,0,11,0,Mr
326,1,1,1,36.0,135.6333,C,Adult,High,1,1,1,Miss
327,0,3,0,61.0,6.2375,S,Senior,Low,0,1,1,Mr
328,1,2,1,36.0,13.0,S,Adult,Medium-Low,1,1,1,Mrs
329,1,3,1,31.0,20.525,S,Young Adult,Medium-High,0,3,0,Mrs
330,1,1,1,16.0,57.9792,C,Teenager,High,1,2,0,Miss
331,1,3,1,24.0,23.25,Q,Young Adult,Medium-High,0,3,0,Miss
332,0,1,0,45.5,28.5,S,Adult,Medium-High,1,1,1,Mr
333,0,1,0,38.0,153.4625,S,Adult,High,1,2,0,Mr
334,0,3,0,16.0,18.0,S,Teenager,Medium-High,0,3,0,Mr
335,1,1,1,37.0,133.65,S,Adult,High,0,2,0,Mrs
336,0,3,0,24.0,7.8958,S,Young Adult,Low,0,1,1,Mr
337,0,1,0,29.0,66.6,S,Young Adult,High,1,2,0,Mr
338,1,1,1,41.0,134.5,C,Adult,High,1,1,1,Miss
339,1,3,0,45.0,8.05,S,Adult,Medium-Low,0,1,1,Mr
340,0,1,0,45.0,35.5,S,Adult,High,1,1,1,Mr
341,1,2,0,2.0,26.0,S,Child,Medium-High,1,3,0,Master
342,1,1,1,24.0,263.0,S,Young Adult,High,1,6,0,Miss
343,0,2,0,28.0,13.0,S,Young Adult,Medium-Low,0,1,1,Mr
344,0,2,0,25.0,13.0,S,Young Adult,Medium-Low,0,1,1,Mr
345,0,2,0,36.0,13.0,S,Adult,Medium-Low,0,1,1,Mr
346,1,2,1,24.0,13.0,S,Young Adult,Medium-Low,1,1,1,Miss
347,1,2,1,40.0,13.0,S,Adult,Medium-Low,0,1,1,Miss
348,1,3,1,24.0,16.1,S,Young Adult,Medium-High,0,2,0,Mrs
349,1,3,0,3.0,15.9,S,Child,Medium-High,0,3,0,Master
350,0,3,0,42.0,8.6625,S,Adult,Medium-Low,0,1,1,Mr
351,0,3,0,23.0,9.225,S,Young Adult,Medium-Low,0,1,1,Mr
352,0,1,0,37.0,35.0,S,Adult,High,1,1,1,Mr
353,0,3,0,15.0,7.2292,C,Teenager,Low,0,3,0,Mr
354,0,3,0,25.0,17.8,S,Young Adult,Medium-High,0,2,0,Mr
355,0,3,0,24.0,7.225,C,Young Adult,Low,0,1,1,Mr
356,0,3,0,28.0,9.5,S,Young Adult,Medium-Low,0,1,1,Mr
357,1,1,1,22.0,55.0,S,Young Adult,High,1,2,0,Miss
358,0,2,1,38.0,13.0,S,Adult,Medium-Low,0,1,1,Miss
359,1,3,1,24.0,7.8792,Q,Young Adult,Low,0,1,1,Miss
360,1,3,1,24.0,7.8792,Q,Young Adult,Low,0,1,1,Miss
361,0,3,0,40.0,27.9,S,Adult,Medium-High,0,6,0,Mr
362,0,2,0,29.0,27.7208,C,Young Adult,Medium-High,0,2,0,Mr
363,0,3,1,45.0,14.4542,C,Adult,Medium-High,0,2,0,Mrs
364,0,3,0,35.0,7.05,S,Young Adult,Low,0,1,1,Mr
365,0,3,0,24.0,15.5,Q,Young Adult,Medium-High,0,2,0,Mr
366,0,3,0,30.0,7.25,S,Young Adult,Low,0,1,1,Mr
367,1,1,1,60.0,75.25,C,Adult,High,1,2,0,Mrs
368,1,3,1,24.0,7.2292,C,Young Adult,Low,0,1,1,Mrs
369,1,3,1,24.0,7.75,Q,Young Adult,Low,0,1,1,Miss
370,1,1,1,24.0,69.3,C,Young Adult,High,1,1,1,Other
371,1,1,0,25.0,55.4417,C,Young Adult,High,1,2,0,Mr
372,0,3,0,18.0,6.4958,S,Teenager,Low,0,2,0,Mr
373,0,3,0,19.0,8.05,S,Young Adult,Medium-Low,0,1,1,Mr
374,0,1,0,22.0,135.6333,C,Young Adult,High,0,1,1,Mr
375,0,3,1,3.0,21.075,S,Child,Medium-High,0,5,0,Miss
376,1,1,1,37.0,82.1708,C,Adult,High,0,2,0,Mrs
377,1,3,1,22.0,7.25,S,Young Adult,Low,0,1,1,Miss
378,0,1,0,27.0,211.5,C,Young Adult,High,1,3,0,Mr
379,0,3,0,20.0,4.0125,C,Young Adult,Low,0,1,1,Mr
380,0,3,0,19.0,7.775,S,Young Adult,Low,0,1,1,Mr
381,1,1,1,42.0,227.525,C,Adult,High,0,1,1,Miss
382,1,3,1,1.0,15.7417,C,Child,Medium-High,0,3,0,Miss
383,0,3,0,32.0,7.925,S,Young Adult,Medium-Low,0,1,1,Mr
384,1,1,1,35.0,52.0,S,Young Adult,High,0,2,0,Mrs
385,0,3,0,24.0,7.8958,S,Young Adult,Low,0,1,1,Mr
386,0,2,0,18.0,73.5,S,Teenager,High,0,1,1,Mr
387,0,3,0,1.0,46.9,S,Child,High,0,8,0,Master
388,1,2,1,36.0,13.0,S,Adult,Medium-Low,0,1,1,Miss
389,0,3,0,24.0,7.7292,Q,Young Adult,Low,0,1,1,Mr
390,1,2,1,17.0,12.0,C,Teenager,Medium-Low,0,1,1,Miss
391,1,1,0,36.0,120.0,S,Adult,High,1,4,0,Mr
392,1,3,0,21.0,7.7958,S,Young Adult,Low,0,1,1,Mr
393,0,3,0,28.0,7.925,S,Young Adult,Medium-Low,0,3,0,Mr
394,1,1,1,23.0,113.275,C,Young Adult,High,1,2,0,Miss
395,1,3,1,24.0,16.7,S,Young Adult,Medium-High,1,3,0,Mrs
396,0,3,0,22.0,7.7958,S,Young Adult,Low,0,1,1,Mr
397,0,3,1,31.0,7.8542,S,Young Adult,Low,0,1,1,Miss
398,0,2,0,46.0,26.0,S,Adult,Medium-High,0,1,1,Mr
399,0,2,0,23.0,10.5,S,Young Adult,Medium-Low,0,1,1,Officer
400,1,2,1,28.0,12.65,S,Young Adult,Medium-Low,0,1,1,Mrs
401,1,3,0,39.0,7.925,S,Adult,Medium-Low,0,1,1,Mr
402,0,3,0,26.0,8.05,S,Young Adult,Medium-Low,0,1,1,Mr
403,0,3,1,21.0,9.825,S,Young Adult,Medium-Low,0,2,0,Miss
404,0,3,0,28.0,15.85,S,Young Adult,Medium-High,0,2,0,Mr
405,0,3,1,20.0,8.6625,S,Young Adult,Medium-Low,0,1,1,Miss
406,0,2,0,34.0,21.0,S,Young Adult,Medium-High,0,2,0,Mr
407,0,3,0,51.0,7.75,S,Adult,Low,0,1,1,Mr
408,1,2,0,3.0,18.75,S,Child,Medium-High,0,3,0,Master
409,0,3,0,21.0,7.775,S,Young Adult,Low,0,1,1,Mr
410,0,3,1,24.0,25.4667,S,Young Adult,Medium-High,0,5,0,Miss
411,0,3,0,24.0,7.8958,S,Young Adult,Low,0,1,1,Mr
412,0,3,0,24.0,6.8583,Q,Young Adult,Low,0,1,1,Mr
413,1,1,1,33.0,90.0,Q,Young Adult,High,1,2,0,Miss
414,0,2,0,29.0,0.0,S,Young Adult,,0,1,1,Mr
415,1,3,0,44.0,7.925,S,Adult,Medium-Low,0,1,1,Mr
416,0,3,1,24.0,8.05,S,Young Adult,Medium-Low,0,1,1,Mrs
417,1,2,1,34.0,32.5,S,Young Adult,High,0,3,0,Mrs
418,1,2,1,18.0,13.0,S,Teenager,Medium-Low,0,3,0,Miss
419,0,2,0,30.0,13.0,S,Young Adult,Medium-Low,0,1,1,Mr
420,0,3,1,10.0,24.15,S,Child,Medium-High,0,3,0,Miss
421,0,3,0,24.0,7.8958,C,Young Adult,Low,0,1,1,Mr
422,0,3,0,21.0,7.7333,Q,Young Adult,Low,0,1,1,Mr
423,0,3,0,29.0,7.875,S,Young Adult,Low,0,1,1,Mr
424,0,3,1,28.0,14.4,S,Young Adult,Medium-Low,0,3,0,Mrs
425,0,3,0,18.0,20.2125,S,Teenager,Medium-High,0,3,0,Mr
426,0,3,0,24.0,7.25,S,Young Adult,Low,0,1,1,Mr
427,1,2,1,28.0,26.0,S,Young Adult,Medium-High,0,2,0,Mrs
428,1,2,1,19.0,26.0,S,Young Adult,Medium-High,0,1,1,Miss
429,0,3,0,24.0,7.75,Q,Young Adult,Low,0,1,1,Mr
430,1,3,0,32.0,8.05,S,Young Adult,Medium-Low,1,1,1,Mr
431,1,1,0,28.0,26.55,S,Young Adult,Medium-High,1,1,1,Mr
432,1,3,1,24.0,16.1,S,Young Adult,Medium-High,0,2,0,Mrs
433,1,2,1,42.0,26.0,S,Adult,Medium-High,0,2,0,Mrs
434,0,3,0,17.0,7.125,S,Teenager,Low,0,1,1,Mr
435,0,1,0,50.0,55.9,S,Adult,High,1,2,0,Mr
436,1,1,1,14.0,120.0,S,Teenager,High,1,4,0,Miss
437,0,3,1,21.0,34.375,S,Young Adult,High,0,5,0,Miss
438,1,2,1,24.0,18.75,S,Young Adult,Medium-High,0,6,0,Mrs
439,0,1,0,64.0,263.0,S,Senior,High,1,6,0,Mr
440,0,2,0,31.0,10.5,S,Young Adult,Medium-Low,0,1,1,Mr
441,1,2,1,45.0,26.25,S,Adult,Medium-High,0,3,0,Mrs
442,0,3,0,20.0,9.5,S,Young Adult,Medium-Low,0,1,1,Mr
443,0,3,0,25.0,7.775,S,Young Adult,Low,0,2,0,Mr
444,1,2,1,28.0,13.0,S,Young Adult,Medium-Low,0,1,1,Other
445,1,3,0,24.0,8.1125,S,Young Adult,Medium-Low,0,1,1,Mr
446,1,1,0,4.0,81.8583,S,Child,High,1,3,0,Master
447,1,2,1,13.0,19.5,S,Teenager,Medium-High,0,2,0,Miss
448,1,1,0,34.0,26.55,S,Young Adult,Medium-High,0,1,1,Mr
449,1,3,1,5.0,19.2583,C,Child,Medium-High,0,4,0,Miss
450,1,1,0,52.0,30.5,S,Adult,Medium-High,1,1,1,Officer
451,0,2,0,36.0,27.75,S,Adult,Medium-High,0,4,0,Mr
452,0,3,0,24.0,19.9667,S,Young Adult,Medium-High,0,2,0,Mr
453,0,1,0,30.0,27.75,C,Young Adult,Medium-High,1,1,1,Mr
454,1,1,0,49.0,89.1042,C,Adult,High,1,2,0,Mr
455,0,3,0,24.0,8.05,S,Young Adult,Medium-Low,0,1,1,Mr
456,1,3,0,29.0,7.8958,C,Young Adult,Low,0,1,1,Mr
457,0,1,0,65.0,26.55,S,Senior,Medium-High,1,1,1,Mr
458,1,1,1,37.0,51.8625,S,Adult,High,1,2,0,Mrs
459,1,2,1,50.0,10.5,S,Adult,Medium-Low,0,1,1,Miss
460,0,3,0,24.0,7.75,Q,Young Adult,Low,0,1,1,Mr
461,1,1,0,48.0,26.55,S,Adult,Medium-High,1,1,1,Mr
462,0,3,0,34.0,8.05,S,Young Adult,Medium-Low,0,1,1,Mr
463,0,1,0,47.0,38.5,S,Adult,High,1,1,1,Mr
464,0,2,0,48.0,13.0,S,Adult,Medium-Low,0,1,1,Mr
465,0,3,0,24.0,8.05,S,Young Adult,Medium-Low,0,1,1,Mr
466,0,3,0,38.0,7.05,S,Adult,Low,0,1,1,Mr
467,0,2,0,29.0,0.0,S,Young Adult,,0,1,1,Mr
468,0,1,0,56.0,26.55,S,Adult,Medium-High,0,1,1,Mr
469,0,3,0,24.0,7.725,Q,Young Adult,Low,0,1,1,Mr
470,1,3,1,0.75,19.2583,C,Child,Medium-High,0,4,0,Miss
471,0,3,0,24.0,7.25,S,Young Adult,Low,0,1,1,Mr
472,0,3,0,38.0,8.6625,S,Adult,Medium-Low,0,1,1,Mr
473,1,2,1,33.0,27.75,S,Young Adult,Medium-High,0,4,0,Mrs
474,1,2,1,23.0,13.7917,C,Young Adult,Medium-Low,1,1,1,Mrs
475,0,3,1,22.0,9.8375,S,Young Adult,Medium-Low,0,1,1,Miss
476,0,1,0,37.0,52.0,S,Adult,High,1,1,1,Mr
477,0,2,0,34.0,21.0,S,Young Adult,Medium-High,0,2,0,Mr
478,0,3,0,29.0,7.0458,S,Young Adult,Low,0,2,0,Mr
479,0,3,0,22.0,7.5208,S,Young Adult,Low,0,1,1,Mr
480,1,3,1,2.0,12.2875,S,Child,Medium-Low,0,2,0,Miss
481,0,3,0,9.0,46.9,S,Child,High,0,8,0,Master
482,0,2,0,29.0,0.0,S,Young Adult,,0,1,1,Mr
483,0,3,0,50.0,8.05,S,Adult,Medium-Low,0,1,1,Mr
484,1,3,1,63.0,9.5875,S,Senior,Medium-Low,0,1,1,Mrs
485,1,1,0,25.0,91.0792,C,Young Adult,High,1,2,0,Mr
486,0,3,1,24.0,25.4667,S,Young Adult,Medium-High,0,5,0,Miss
487,1,1,1,35.0,90.0,S,Young Adult,High,1,2,0,Mrs
488,0,1,0,58.0,29.7,C,Adult,Medium-High,1,1,1,Mr
489,0,3,0,30.0,8.05,S,Young Adult,Medium-Low,0,1,1,Mr
490,1,3,0,9.0,15.9,S,Child,Medium-High,0,3,0,Master
491,0,3,0,24.0,19.9667,S,Young Adult,Medium-High,0,2,0,Mr
492,0,3,0,21.0,7.25,S,Young Adult,Low,0,1,1,Mr
493,0,1,0,55.0,30.5,S,Adult,Medium-High,1,1,1,Mr
494,0,1,0,71.0,49.5042,C,Senior,High,0,1,1,Mr
495,0,3,0,21.0,8.05,S,Young Adult,Medium-Low,0,1,1,Mr
496,0,3,0,24.0,14.4583,C,Young Adult,Medium-High,0,1,1,Mr
497,1,1,1,54.0,78.2667,C,Adult,High,1,2,0,Miss
498,0,3,0,24.0,15.1,S,Young Adult,Medium-High,0,1,1,Mr
499,0,1,1,25.0,151.55,S,Young Adult,High,1,4,0,Mrs
500,0,3,0,24.0,7.7958,S,Young Adult,Low,0,1,1,Mr
501,0,3,0,17.0,8.6625,S,Teenager,Medium-Low,0,1,1,Mr
502,0,3,1,21.0,7.75,Q,Young Adult,Low,0,1,1,Miss
503,0,3,1,24.0,7.6292,Q,Young Adult,Low,0,1,1,Miss
504,0,3,1,37.0,9.5875,S,Adult,Medium-Low,0,1,1,Miss
505,1,1,1,16.0,86.5,S,Teenager,High,1,1,1,Miss
506,0,1,0,18.0,108.9,C,Teenager,High,1,2,0,Mr
507,1,2,1,33.0,26.0,S,Young Adult,Medium-High,0,3,0,Mrs
508,1,1,0,37.0,26.55,S,Adult,Medium-High,0,1,1,Mr
509,0,3,0,28.0,22.525,S,Young Adult,Medium-High,0,1,1,Mr
510,1,3,0,26.0,56.4958,S,Young Adult,High,0,1,1,Mr
511,1,3,0,29.0,7.75,Q,Young Adult,Low,0,1,1,Mr
512,0,3,0,24.0,8.05,S,Young Adult,Medium-Low,0,1,1,Mr
513,1,1,0,36.0,26.2875,S,Adult,Medium-High,1,1,1,Mr
514,1,1,1,54.0,59.4,C,Adult,High,0,2,0,Mrs
515,0,3,0,24.0,7.4958,S,Young Adult,Low,0,1,1,Mr
516,0,1,0,47.0,34.0208,S,Adult,High,1,1,1,Mr
517,1,2,1,34.0,10.5,S,Young Adult,Medium-Low,1,1,1,Mrs
518,0,3,0,24.0,24.15,Q,Young Adult,Medium-High,0,1,1,Mr
519,1,2,1,36.0,26.0,S,Adult,Medium-High,0,2,0,Mrs
520,0,3,0,32.0,7.8958,S,Young Adult,Low,0,1,1,Mr
521,1,1,1,30.0,93.5,S,Young Adult,High,1,1,1,Miss
522,0,3,0,22.0,7.8958,S,Young Adult,Low,0,1,1,Mr
523,0,3,0,24.0,7.225,C,Young Adult,Low,0,1,1,Mr
524,1,1,1,44.0,57.9792,C,Adult,High,1,2,0,Mrs
525,0,3,0,24.0,7.2292,C,Young Adult,Low,0,1,1,Mr
526,0,3,0,40.5,7.75,Q,Adult,Low,0,1,1,Mr
527,1,2,1,50.0,10.5,S,Adult,Medium-Low,0,1,1,Miss
528,0,1,0,37.0,221.7792,S,Adult,High,1,1,1,Mr
529,0,3,0,39.0,7.925,S,Adult,Medium-Low,0,1,1,Mr
530,0,2,0,23.0,11.5,S,Young Adult,Medium-Low,0,4,0,Mr
531,1,2,1,2.0,26.0,S,Child,Medium-High,0,3,0,Miss
532,0,3,0,24.0,7.2292,C,Young Adult,Low,0,1,1,Mr
533,0,3,0,17.0,7.2292,C,Teenager,Low,0,3,0,Mr
534,1,3,1,24.0,22.3583,C,Young Adult,Medium-High,0,3,0,Mrs
535,0,3,1,30.0,8.6625,S,Young Adult,Medium-Low,0,1,1,Miss
536,1,2,1,7.0,26.25,S,Child,Medium-High,0,3,0,Miss
537,0,1,0,45.0,26.55,S,Adult,Medium-High,1,1,1,Officer
538,1,1,1,30.0,106.425,C,Young Adult,High,0,1,1,Miss
539,0,3,0,24.0,14.5,S,Young Adult,Medium-High,0,1,1,Mr
540,1,1,1,22.0,49.5,C,Young Adult,High,1,3,0,Miss
541,1,1,1,36.0,71.0,S,Adult,High,1,3,0,Miss
542,0,3,1,9.0,31.275,S,Child,High,0,7,0,Miss
543,0,3,1,11.0,31.275,S,Child,High,0,7,0,Miss
544,1,2,0,32.0,26.0,S,Young Adult,Medium-High,0,2,0,Mr
545,0,1,0,50.0,106.425,C,Adult,High,1,2,0,Mr
546,0,1,0,64.0,26.0,S,Senior,Medium-High,0,1,1,Mr
547,1,2,1,19.0,26.0,S,Young Adult,Medium-High,0,2,0,Mrs
548,1,2,0,29.0,13.8625,C,Young Adult,Medium-Low,0,1,1,Mr
549,0,3,0,33.0,20.525,S,Young Adult,Medium-High,0,3,0,Mr
550,1,2,0,8.0,36.75,S,Child,High,0,3,0,Master
551,1,1,0,17.0,110.8833,C,Teenager,High,1,3,0,Mr
552,0,2,0,27.0,26.0,S,Young Adult,Medium-High,0,1,1,Mr
553,0,3,0,24.0,7.8292,Q,Young Adult,Low,0,1,1,Mr
554,1,3,0,22.0,7.225,C,Young Adult,Low,0,1,1,Mr
555,1,3,1,22.0,7.775,S,Young Adult,Low,0,1,1,Miss
556,0,1,0,62.0,26.55,S,Senior,Medium-High,0,1,1,Mr
557,1,1,1,48.0,39.6,C,Adult,High,1,2,0,Other
558,0,1,0,37.0,227.525,C,Adult,High,0,1,1,Mr
559,1,1,1,39.0,79.65,S,Adult,High,1,3,0,Mrs
560,1,3,1,36.0,17.4,S,Adult,Medium-High,0,2,0,Mrs
561,0,3,0,24.0,7.75,Q,Young Adult,Low,0,1,1,Mr
562,0,3,0,40.0,7.8958,S,Adult,Low,0,1,1,Mr
563,0,2,0,28.0,13.5,S,Young Adult,Medium-Low,0,1,1,Mr
564,0,3,0,24.0,8.05,S,Young Adult,Medium-Low,0,1,1,Mr
565,0,3,1,24.0,8.05,S,Young Adult,Medium-Low,0,1,1,Miss
566,0,3,0,24.0,24.15,S,Young Adult,Medium-High,0,3,0,Mr
567,0,3,0,19.0,7.8958,S,Young Adult,Low,0,1,1,Mr
568,0,3,1,29.0,21.075,S,Young Adult,Medium-High,0,5,0,Mrs
569,0,3,0,24.0,7.2292,C,Young Adult,Low,0,1,1,Mr
570,1,3,0,32.0,7.8542,S,Young Adult,Low,0,1,1,Mr
571,1,2,0,62.0,10.5,S,Senior,Medium-Low,0,1,1,Mr
572,1,1,1,53.0,51.4792,S,Adult,High,1,3,0,Mrs
573,1,1,0,36.0,26.3875,S,Adult,Medium-High,1,1,1,Mr
574,1,3,1,24.0,7.75,Q,Young Adult,Low,0,1,1,Miss
575,0,3,0,16.0,8.05,S,Teenager,Medium-Low,0,1,1,Mr
576,0,3,0,19.0,14.5,S,Young Adult,Medium-High,0,1,1,Mr
577,1,2,1,34.0,13.0,S,Young Adult,Medium-Low,0,1,1,Miss
578,1,1,1,39.0,55.9,S,Adult,High,1,2,0,Mrs
579,0,3,1,24.0,14.4583,C,Young Adult,Medium-High,0,2,0,Mrs
580,1,3,0,32.0,7.925,S,Young Adult,Medium-Low,0,1,1,Mr
581,1,2,1,25.0,30.0,S,Young Adult,Medium-High,0,3,0,Miss
582,1,1,1,39.0,110.8833,C,Adult,High,1,3,0,Mrs
583,0,2,0,54.0,26.0,S,Adult,Medium-High,0,1,1,Mr
584,0,1,0,36.0,40.125,C,Adult,High,1,1,1,Mr
585,0,3,0,24.0,8.7125,C,Young Adult,Medium-Low,0,1,1,Mr
586,1,1,1,18.0,79.65,S,Teenager,High,1,3,0,Miss
587,0,2,0,47.0,15.0,S,Adult,Medium-High,0,1,1,Mr
588,1,1,0,60.0,79.2,C,Adult,High,1,3,0,Mr
589,0,3,0,22.0,8.05,S,Young Adult,Medium-Low,0,1,1,Mr
590,0,3,0,24.0,8.05,S,Young Adult,Medium-Low,0,1,1,Mr
591,0,3,0,35.0,7.125,S,Young Adult,Low,0,1,1,Mr
592,1,1,1,52.0,78.2667,C,Adult,High,1,2,0,Mrs
593,0,3,0,47.0,7.25,S,Adult,Low,0,1,1,Mr
594,0,3,1,24.0,7.75,Q,Young Adult,Low,0,3,0,Miss
595,0,2,0,37.0,26.0,S,Adult,Medium-High,0,2,0,Mr
596,0,3,0,36.0,24.15,S,Adult,Medium-High,0,3,0,Mr
597,1,2,1,29.0,33.0,S,Young Adult,High,0,1,1,Miss
598,0,3,0,49.0,0.0,S,Adult,,0,1,1,Mr
599,0,3,0,24.0,7.225,C,Young Adult,Low,0,1,1,Mr
600,1,1,0,49.0,56.9292,C,Adult,High,1,2,0,Other
601,1,2,1,24.0,27.0,S,Young Adult,Medium-High,0,4,0,Mrs
602,0,3,0,24.0,7.8958,S,Young Adult,Low,0,1,1,Mr
603,0,1,0,37.0,42.4,S,Adult,High,0,1,1,Mr
604,0,3,0,44.0,8.05,S,Adult,Medium-Low,0,1,1,Mr
605,1,1,0,35.0,26.55,C,Young Adult,Medium-High,0,1,1,Mr
606,0,3,0,36.0,15.55,S,Adult,Medium-High,0,2,0,Mr
607,0,3,0,30.0,7.8958,S,Young Adult,Low,0,1,1,Mr
608,1,1,0,27.0,30.5,S,Young Adult,Medium-High,0,1,1,Mr
609,1,2,1,22.0,41.5792,C,Young Adult,High,0,4,0,Mrs
610,1,1,1,40.0,153.4625,S,Adult,High,1,1,1,Miss
611,0,3,1,39.0,31.275,S,Adult,High,0,7,0,Mrs
612,0,3,0,24.0,7.05,S,Young Adult,Low,0,1,1,Mr
613,1,3,1,24.0,15.5,Q,Young Adult,Medium-High,0,2,0,Miss
614,0,3,0,24.0,7.75,Q,Young Adult,Low,0,1,1,Mr
615,0,3,0,35.0,8.05,S,Young Adult,Medium-Low,0,1,1,Mr
616,1,2,1,24.0,65.0,S,Young Adult,High,0,4,0,Miss
617,0,3,0,34.0,14.4,S,Young Adult,Medium-Low,0,3,0,Mr
618,0,3,1,26.0,16.1,S,Young Adult,Medium-High,0,2,0,Mrs
619,1,2,1,4.0,39.0,S,Child,High,1,4,0,Miss
620,0,2,0,26.0,10.5,S,Young Adult,Medium-Low,0,1,1,Mr
621,0,3,0,27.0,14.4542,C,Young Adult,Medium-High,0,2,0,Mr
622,1,1,0,42.0,52.5542,S,Adult,High,1,2,0,Mr
623,1,3,0,20.0,15.7417,C,Young Adult,Medium-High,0,3,0,Mr
624,0,3,0,21.0,7.8542,S,Young Adult,Low,0,1,1,Mr
625,0,3,0,21.0,16.1,S,Young Adult,Medium-High,0,1,1,Mr
626,0,1,0,61.0,32.3208,S,Senior,High,1,1,1,Mr
627,0,2,0,57.0,12.35,Q,Adult,Medium-Low,0,1,1,Officer
628,1,1,1,21.0,77.9583,S,Young Adult,High,1,1,1,Miss
629,0,3,0,26.0,7.8958,S,Young Adult,Low,0,1,1,Mr
630,0,3,0,24.0,7.7333,Q,Young Adult,Low,0,1,1,Mr
631,1,1,0,80.0,30.0,S,Senior,Medium-High,1,1,1,Mr
632,0,3,0,51.0,7.0542,S,Adult,Low,0,1,1,Mr
633,1,1,0,32.0,30.5,C,Young Adult,Medium-High,1,1,1,Officer
634,0,1,0,37.0,0.0,S,Adult,,0,1,1,Mr
635,0,3,1,9.0,27.9,S,Child,Medium-High,0,6,0,Miss
636,1,2,1,28.0,13.0,S,Young Adult,Medium-Low,0,1,1,Miss
637,0,3,0,32.0,7.925,S,Young Adult,Medium-Low,0,1,1,Mr
638,0,2,0,31.0,26.25,S,Young Adult,Medium-High,0,3,0,Mr
639,0,3,1,41.0,39.6875,S,Adult,High,0,6,0,Mrs
640,0,3,0,24.0,16.1,S,Young Adult,Medium-High,0,2,0,Mr
641,0,3,0,20.0,7.8542,S,Young Adult,Low,0,1,1,Mr
642,1,1,1,24.0,69.3,C,Young Adult,High,1,1,1,Other
643,0,3,1,2.0,27.9,S,Child,Medium-High,0,6,0,Miss
644,1,3,0,24.0,56.4958,S,Young Adult,High,0,1,1,Mr
645,1,3,1,0.75,19.2583,C,Child,Medium-High,0,4,0,Miss
646,1,1,0,48.0,76.7292,C,Adult,High,1,2,0,Mr
647,0,3,0,19.0,7.8958,S,Young Adult,Low,0,1,1,Mr
648,1,1,0,56.0,35.5,C,Adult,High,1,1,1,Officer
649,0,3,0,24.0,7.55,S,Young Adult,Low,0,1,1,Mr
650,1,3,1,23.0,7.55,S,Young Adult,Low,0,1,1,Miss
651,0,3,0,24.0,7.8958,S,Young Adult,Low,0,1,1,Mr
652,1,2,1,18.0,23.0,S,Teenager,Medium-High,0,2,0,Miss
653,0,3,0,21.0,8.4333,S,Young Adult,Medium-Low,0,1,1,Mr
654,1,3,1,24.0,7.8292,Q,Young Adult,Low,0,1,1,Miss
655,0,3,1,18.0,6.75,Q,Teenager,Low,0,1,1,Miss
656,0,2,0,24.0,73.5,S,Young Adult,High,0,3,0,Mr
657,0,3,0,24.0,7.8958,S,Young Adult,Low,0,1,1,Mr
658,0,3,1,32.0,15.5,Q,Young Adult,Medium-High,0,3,0,Mrs
659,0,2,0,23.0,13.0,S,Young Adult,Medium-Low,0,1,1,Mr
660,0,1,0,58.0,113.275,C,Adult,High,1,3,0,Mr
661,1,1,0,50.0,133.65,S,Adult,High,0,3,0,Officer
662,0,3,0,40.0,7.225,C,Adult,Low,0,1,1,Mr
663,0,1,0,47.0,25.5875,S,Adult,Medium-High,1,1,1,Mr
664,0,3,0,36.0,7.4958,S,Adult,Low,0,1,1,Mr
665,1,3,0,20.0,7.925,S,Young Adult,Medium-Low,0,2,0,Mr
666,0,2,0,32.0,73.5,S,Young Adult,High,0,3,0,Mr
667,0,2,0,25.0,13.0,S,Young Adult,Medium-Low,0,1,1,Mr
668,0,3,0,24.0,7.775,S,Young Adult,Low,0,1,1,Mr
669,0,3,0,43.0,8.05,S,Adult,Medium-Low,0,1,1,Mr
670,1,1,1,37.0,52.0,S,Adult,High,1,2,0,Mrs
671,1,2,1,40.0,39.0,S,Adult,High,0,3,0,Mrs
672,0,1,0,31.0,52.0,S,Young Adult,High,1,2,0,Mr
673,0,2,0,70.0,10.5,S,Senior,Medium-Low,0,1,1,Mr
674,1,2,0,31.0,13.0,S,Young Adult,Medium-Low,0,1,1,Mr
675,0,2,0,29.0,0.0,S,Young Adult,,0,1,1,Mr
676,0,3,0,18.0,7.775,S,Teenager,Low,0,1,1,Mr
677,0,3,0,24.5,8.05,S,Young Adult,Medium-Low,0,1,1,Mr
678,1,3,1,18.0,9.8417,S,Teenager,Medium-Low,0,1,1,Miss
679,0,3,1,43.0,46.9,S,Adult,High,0,8,0,Mrs
680,1,1,0,36.0,512.3292,C,Adult,High,1,2,0,Mr
681,0,3,1,24.0,8.1375,Q,Young Adult,Medium-Low,0,1,1,Miss
682,1,1,0,27.0,76.7292,C,Young Adult,High,1,1,1,Mr
683,0,3,0,20.0,9.225,S,Young Adult,Medium-Low,0,1,1,Mr
684,0,3,0,14.0,46.9,S,Teenager,High,0,8,0,Mr
685,0,2,0,60.0,39.0,S,Adult,High,0,3,0,Mr
686,0,2,0,25.0,41.5792,C,Young Adult,High,0,4,0,Mr
687,0,3,0,14.0,39.6875,S,Teenager,High,0,6,0,Mr
688,0,3,0,19.0,10.1708,S,Young Adult,Medium-Low,0,1,1,Mr
689,0,3,0,18.0,7.7958,S,Teenager,Low,0,1,1,Mr
690,1,1,1,15.0,211.3375,S,Teenager,High,1,2,0,Miss
691,1,1,0,31.0,57.0,S,Young Adult,High,1,2,0,Mr
692,1,3,1,4.0,13.4167,C,Child,Medium-Low,0,2,0,Miss
693,1,3,0,24.0,56.4958,S,Young Adult,High,0,1,1,Mr
694,0,3,0,25.0,7.225,C,Young Adult,Low,0,1,1,Mr
695,0,1,0,60.0,26.55,S,Adult,Medium-High,0,1,1,Officer
696,0,2,0,52.0,13.5,S,Adult,Medium-Low,0,1,1,Mr
697,0,3,0,44.0,8.05,S,Adult,Medium-Low,0,1,1,Mr
698,1,3,1,24.0,7.7333,Q,Young Adult,Low,0,1,1,Miss
699,0,1,0,49.0,110.8833,C,Adult,High,1,3,0,Mr
700,0,3,0,42.0,7.65,S,Adult,Low,1,1,1,Mr
701,1,1,1,18.0,227.525,C,Teenager,High,1,2,0,Mrs
702,1,1,0,35.0,26.2875,S,Young Adult,Medium-High,1,1,1,Mr
703,0,3,1,18.0,14.4542,C,Teenager,Medium-High,0,2,0,Miss
704,0,3,0,25.0,7.7417,Q,Young Adult,Low,0,1,1,Mr
705,0,3,0,26.0,7.8542,S,Young Adult,Low,0,2,0,Mr
706,0,2,0,39.0,26.0,S,Adult,Medium-High,0,1,1,Mr
707,1,2,1,45.0,13.5,S,Adult,Medium-Low,0,1,1,Mrs
708,1,1,0,42.0,26.2875,S,Adult,Medium-High,1,1,1,Mr
709,1,1,1,22.0,151.55,S,Young Adult,High,0,1,1,Miss
710,1,3,0,24.0,15.2458,C,Young Adult,Medium-High,0,3,0,Master
711,1,1,1,24.0,49.5042,C,Young Adult,High,1,1,1,Other
712,0,1,0,37.0,26.55,S,Adult,Medium-High,1,1,1,Mr
713,1,1,0,48.0,52.0,S,Adult,High,1,2,0,Mr
714,0,3,0,29.0,9.4833,S,Young Adult,Medium-Low,0,1,1,Mr
715,0,2,0,52.0,13.0,S,Adult,Medium-Low,0,1,1,Mr
716,0,3,0,19.0,7.65,S,Young Adult,Low,1,1,1,Mr
717,1,1,1,38.0,227.525,C,Adult,High,1,1,1,Miss
718,1,2,1,27.0,10.5,S,Young Adult,Medium-Low,1,1,1,Miss
719,0,3,0,24.0,15.5,Q,Young Adult,Medium-High,0,1,1,Mr
720,0,3,0,33.0,7.775,S,Young Adult,Low,0,1,1,Mr
721,1,2,1,6.0,33.0,S,Child,High,0,2,0,Miss
722,0,3,0,17.0,7.0542,S,Teenager,Low,0,2,0,Mr
723,0,2,0,34.0,13.0,S,Young Adult,Medium-Low,0,1,1,Mr
724,0,2,0,50.0,13.0,S,Adult,Medium-Low,0,1,1,Mr
725,1,1,0,27.0,53.1,S,Young Adult,High,1,2,0,Mr
726,0,3,0,20.0,8.6625,S,Young Adult,Medium-Low,0,1,1,Mr
727,1,2,1,30.0,21.0,S,Young Adult,Medium-High,0,4,0,Mrs
728,1,3,1,24.0,7.7375,Q,Young Adult,Low,0,1,1,Miss
729,0,2,0,25.0,26.0,S,Young Adult,Medium-High,0,2,0,Mr
730,0,3,1,25.0,7.925,S,Young Adult,Medium-Low,0,2,0,Miss
731,1,1,1,29.0,211.3375,S,Young Adult,High,1,1,1,Miss
732,0,3,0,11.0,18.7875,C,Child,Medium-High,0,1,1,Mr
733,0,2,0,29.0,0.0,S,Young Adult,,0,1,1,Mr
734,0,2,0,23.0,13.0,S,Young Adult,Medium-Low,0,1,1,Mr
735,0,2,0,23.0,13.0,S,Young Adult,Medium-Low,0,1,1,Mr
736,0,3,0,28.5,16.1,S,Young Adult,Medium-High,0,1,1,Mr
737,0,3,1,48.0,34.375,S,Adult,High,0,5,0,Mrs
738,1,1,0,35.0,512.3292,C,Young Adult,High,1,1,1,Mr
739,0,3,0,24.0,7.8958,S,Young Adult,Low,0,1,1,Mr
740,0,3,0,24.0,7.8958,S,Young Adult,Low,0,1,1,Mr
741,1,1,0,37.0,30.0,S,Adult,Medium-High,1,1,1,Mr
742,0,1,0,36.0,78.85,S,Adult,High,1,2,0,Mr
743,1,1,1,21.0,262.375,C,Young Adult,High,1,5,0,Miss
744,0,3,0,24.0,16.1,S,Young Adult,Medium-High,0,2,0,Mr
745,1,3,0,31.0,7.925,S,Young Adult,Medium-Low,0,1,1,Mr
746,0,1,0,70.0,71.0,S,Senior,High,1,3,0,Officer
747,0,3,0,16.0,20.25,S,Teenager,Medium-High,0,3,0,Mr
748,1,2,1,30.0,13.0,S,Young Adult,Medium-Low,0,1,1,Miss
749,0,1,0,19.0,53.1,S,Young Adult,High,1,2,0,Mr
750,0,3,0,31.0,7.75,Q,Young Adult,Low,0,1,1,Mr
751,1,2,1,4.0,23.0,S,Child,Medium-High,0,3,0,Miss
752,1,3,0,6.0,12.475,S,Child,Medium-Low,1,2,0,Master
753,0,3,0,33.0,9.5,S,Young Adult,Medium-Low,0,1,1,Mr
754,0,3,0,23.0,7.8958,S,Young Adult,Low,0,1,1,Mr
755,1,2,1,48.0,65.0,S,Adult,High,0,4,0,Mrs
756,1,2,0,0.67,14.5,S,Child,Medium-High,0,3,0,Master
757,0,3,0,28.0,7.7958,S,Young Adult,Low,0,1,1,Mr
758,0,2,0,18.0,11.5,S,Teenager,Medium-Low,0,1,1,Mr
759,0,3,0,34.0,8.05,S,Young Adult,Medium-Low,0,1,1,Mr
760,1,1,1,33.0,86.5,S,Young Adult,High,1,1,1,Other
761,0,3,0,24.0,14.5,S,Young Adult,Medium-High,0,1,1,Mr
762,0,3,0,41.0,7.125,S,Adult,Low,0,1,1,Mr
763,1,3,0,20.0,7.2292,C,Young Adult,Low,0,1,1,Mr
764,1,1,1,36.0,120.0,S,Adult,High,1,4,0,Mrs
765,0,3,0,16.0,7.775,S,Teenager,Low,0,1,1,Mr
766,1,1,1,51.0,77.9583,S,Adult,High,1,2,0,Mrs
767,0,1,0,37.0,39.6,C,Adult,High,0,1,1,Officer
768,0,3,1,30.5,7.75,Q,Young Adult,Low,0,1,1,Miss
769,0,3,0,24.0,24.15,Q,Young Adult,Medium-High,0,2,0,Mr
770,0,3,0,32.0,8.3625,S,Young Adult,Medium-Low,0,1,1,Mr
771,0,3,0,24.0,9.5,S,Young Adult,Medium-Low,0,1,1,Mr
772,0,3,0,48.0,7.8542,S,Adult,Low,0,1,1,Mr
773,0,2,1,57.0,10.5,S,Adult,Medium-Low,1,1,1,Mrs
774,0,3,0,24.0,7.225,C,Young Adult,Low,0,1,1,Mr
775,1,2,1,54.0,23.0,S,Adult,Medium-High,0,5,0,Mrs
776,0,3,0,18.0,7.75,S,Teenager,Low,0,1,1,Mr
777,0,3,0,24.0,7.75,Q,Young Adult,Low,1,1,1,Mr
778,1,3,1,5.0,12.475,S,Child,Medium-Low,0,1,1,Miss
779,0,3,0,24.0,7.7375,Q,Young Adult,Low,0,1,1,Mr
780,1,1,1,43.0,211.3375,S,Adult,High,1,2,0,Mrs
781,1,3,1,13.0,7.2292,C,Teenager,Low,0,1,1,Miss
782,1,1,1,17.0,57.0,S,Teenager,High,1,2,0,Mrs
783,0,1,0,29.0,30.0,S,Young Adult,Medium-High,1,1,1,Mr
784,0,3,0,24.0,23.45,S,Young Adult,Medium-High,0,4,0,Mr
785,0,3,0,25.0,7.05,S,Young Adult,Low,0,1,1,Mr
786,0,3,0,25.0,7.25,S,Young Adult,Low,0,1,1,Mr
787,1,3,1,18.0,7.4958,S,Teenager,Low,0,1,1,Miss
788,0,3,0,8.0,29.125,Q,Child,Medium-High,0,6,0,Master
789,1,3,0,1.0,20.575,S,Child,Medium-High,0,4,0,Master
790,0,1,0,46.0,79.2,C,Adult,High,1,1,1,Mr
791,0,3,0,24.0,7.75,Q,Young Adult,Low,0,1,1,Mr
792,0,2,0,16.0,26.0,S,Teenager,Medium-High,0,1,1,Mr
793,0,3,1,24.0,69.55,S,Young Adult,High,0,11,0,Miss
794,0,1,0,37.0,30.6958,C,Adult,Medium-High,0,1,1,Mr
795,0,3,0,25.0,7.8958,S,Young Adult,Low,0,1,1,Mr
796,0,2,0,39.0,13.0,S,Adult,Medium-Low,0,1,1,Mr
797,1,1,1,49.0,25.9292,S,Adult,Medium-High,1,1,1,Officer
798,1,3,1,31.0,8.6833,S,Young Adult,Medium-Low,0,1,1,Mrs
799,0,3,0,30.0,7.2292,C,Young Adult,Low,0,1,1,Mr
800,0,3,1,30.0,24.15,S,Young Adult,Medium-High,0,3,0,Mrs
801,0,2,0,34.0,13.0,S,Young Adult,Medium-Low,0,1,1,Mr
802,1,2,1,31.0,26.25,S,Young Adult,Medium-High,0,3,0,Mrs
803,1,1,0,11.0,120.0,S,Child,High,1,4,0,Master
804,1,3,0,0.42,8.5167,C,Child,Medium-Low,0,2,0,Master
805,1,3,0,27.0,6.975,S,Young Adult,Low,0,1,1,Mr
806,0,3,0,31.0,7.775,S,Young Adult,Low,0,1,1,Mr
807,0,1,0,39.0,0.0,S,Adult,,1,1,1,Mr
808,0,3,1,18.0,7.775,S,Teenager,Low,0,1,1,Miss
809,0,2,0,39.0,13.0,S,Adult,Medium-Low,0,1,1,Mr
810,1,1,1,33.0,53.1,S,Young Adult,High,1,2,0,Mrs
811,0,3,0,26.0,7.8875,S,Young Adult,Low,0,1,1,Mr
812,0,3,0,39.0,24.15,S,Adult,Medium-High,0,1,1,Mr
813,0,2,0,35.0,10.5,S,Young Adult,Medium-Low,0,1,1,Mr
814,0,3,1,6.0,31.275,S,Child,High,0,7,0,Miss
815,0,3,0,30.5,8.05,S,Young Adult,Medium-Low,0,1,1,Mr
816,0,1,0,37.0,0.0,S,Adult,,1,1,1,Mr
817,0,3,1,23.0,7.925,S,Young Adult,Medium-Low,0,1,1,Miss
818,0,2,0,31.0,37.0042,C,Young Adult,High,0,3,0,Mr
819,0,3,0,43.0,6.45,S,Adult,Low,0,1,1,Mr
820,0,3,0,10.0,27.9,S,Child,Medium-High,0,6,0,Master
821,1,1,1,52.0,93.5,S,Adult,High,1,3,0,Mrs
822,1,3,0,27.0,8.6625,S,Young Adult,Medium-Low,0,1,1,Mr
823,0,1,0,38.0,0.0,S,Adult,,0,1,1,Other
824,1,3,1,27.0,12.475,S,Young Adult,Medium-Low,1,2,0,Mrs
825,0,3,0,2.0,39.6875,S,Child,High,0,6,0,Master
826,0,3,0,24.0,6.95,Q,Young Adult,Low,0,1,1,Mr
827,0,3,0,24.0,56.4958,S,Young Adult,High,0,1,1,Mr
828,1,2,0,1.0,37.0042,C,Child,High,0,3,0,Master
829,1,3,0,24.0,7.75,Q,Young Adult,Low,0,1,1,Mr
830,1,1,1,62.0,80.0,S,Senior,High,1,1,1,Mrs
831,1,3,1,15.0,14.4542,C,Teenager,Medium-High,0,2,0,Mrs
832,1,2,0,0.83,18.75,S,Child,Medium-High,0,3,0,Master
833,0,3,0,24.0,7.2292,C,Young Adult,Low,0,1,1,Mr
834,0,3,0,23.0,7.8542,S,Young Adult,Low,0,1,1,Mr
835,0,3,0,18.0,8.3,S,Teenager,Medium-Low,0,1,1,Mr
836,1,1,1,39.0,83.1583,C,Adult,High,1,3,0,Miss
837,0,3,0,21.0,8.6625,S,Young Adult,Medium-Low,0,1,1,Mr
838,0,3,0,24.0,8.05,S,Young Adult,Medium-Low,0,1,1,Mr
839,1,3,0,32.0,56.4958,S,Young Adult,High,0,1,1,Mr
840,1,1,0,37.0,29.7,C,Adult,Medium-High,1,1,1,Mr
841,0,3,0,20.0,7.925,S,Young Adult,Medium-Low,0,1,1,Mr
842,0,2,0,16.0,10.5,S,Teenager,Medium-Low,0,1,1,Mr
843,1,1,1,30.0,31.0,C,Young Adult,Medium-High,0,1,1,Miss
844,0,3,0,34.5,6.4375,C,Young Adult,Low,0,1,1,Mr
845,0,3,0,17.0,8.6625,S,Teenager,Medium-Low,0,1,1,Mr
846,0,3,0,42.0,7.55,S,Adult,Low,0,1,1,Mr
847,0,3,0,24.0,69.55,S,Young Adult,High,0,11,0,Mr
848,0,3,0,35.0,7.8958,C,Young Adult,Low,0,1,1,Mr
849,0,2,0,28.0,33.0,S,Young Adult,High,0,2,0,Officer
850,1,1,1,37.0,89.1042,C,Adult,High,1,2,0,Mrs
851,0,3,0,4.0,31.275,S,Child,High,0,7,0,Master
852,0,3,0,74.0,7.775,S,Senior,Low,0,1,1,Mr
853,0,3,1,9.0,15.2458,C,Child,Medium-High,0,3,0,Miss
854,1,1,1,16.0,39.4,S,Teenager,High,1,2,0,Miss
855,0,2,1,44.0,26.0,S,Adult,Medium-High,0,2,0,Mrs
856,1,3,1,18.0,9.35,S,Teenager,Medium-Low,0,2,0,Mrs
857,1,1,1,45.0,164.8667,S,Adult,High,0,3,0,Mrs
858,1,1,0,51.0,26.55,S,Adult,Medium-High,1,1,1,Mr
859,1,3,1,24.0,19.2583,C,Young Adult,Medium-High,0,4,0,Mrs
860,0,3,0,24.0,7.2292,C,Young Adult,Low,0,1,1,Mr
861,0,3,0,41.0,14.1083,S,Adult,Medium-Low,0,3,0,Mr
862,0,2,0,21.0,11.5,S,Young Adult,Medium-Low,0,2,0,Mr
863,1,1,1,48.0,25.9292,S,Adult,Medium-High,1,1,1,Mrs
864,0,3,1,24.0,69.55,S,Young Adult,High,0,11,0,Miss
865,0,2,0,24.0,13.0,S,Young Adult,Medium-Low,0,1,1,Mr
866,1,2,1,42.0,13.0,S,Adult,Medium-Low,0,1,1,Mrs
867,1,2,1,27.0,13.8583,C,Young Adult,Medium-Low,0,2,0,Miss
868,0,1,0,31.0,50.4958,S,Young Adult,High,1,1,1,Mr
869,0,3,0,24.0,9.5,S,Young Adult,Medium-Low,0,1,1,Mr
870,1,3,0,4.0,11.1333,S,Child,Medium-Low,0,3,0,Master
871,0,3,0,26.0,7.8958,S,Young Adult,Low,0,1,1,Mr
872,1,1,1,47.0,52.5542,S,Adult,High,1,3,0,Mrs
873,0,1,0,33.0,5.0,S,Young Adult,Low,1,1,1,Mr
874,0,3,0,47.0,9.0,S,Adult,Medium-Low,0,1,1,Mr
875,1,2,1,28.0,24.0,C,Young Adult,Medium-High,0,2,0,Mrs
876,1,3,1,15.0,7.225,C,Teenager,Low,0,1,1,Miss
877,0,3,0,20.0,9.8458,S,Young Adult,Medium-Low,0,1,1,Mr
878,0,3,0,19.0,7.8958,S,Young Adult,Low,0,1,1,Mr
879,0,3,0,24.0,7.8958,S,Young Adult,Low,0,1,1,Mr
880,1,1,1,56.0,83.1583,C,Adult,High,1,2,0,Mrs
881,1,2,1,25.0,26.0,S,Young Adult,Medium-High,0,2,0,Mrs
882,0,3,0,33.0,7.8958,S,Young Adult,Low,0,1,1,Mr
883,0,3,1,22.0,10.5167,S,Young Adult,Medium-Low,0,1,1,Miss
884,0,2,0,28.0,10.5,S,Young Adult,Medium-Low,0,1,1,Mr
885,0,3,0,25.0,7.05,S,Young Adult,Low,0,1,1,Mr
886,0,3,1,39.0,29.125,Q,Adult,Medium-High,0,6,0,Mrs
887,0,2,0,27.0,13.0,S,Young Adult,Medium-Low,0,1,1,Officer
888,1,1,1,19.0,30.0,S,Young Adult,Medium-High,1,1,1,Miss
889,0,3,1,24.0,23.45,S,Young Adult,Medium-High,0,4,0,Miss
890,1,1,0,26.0,30.0,C,Young Adult,Medium-High,1,1,1,Mr
891,0,3,0,32.0,7.75,Q,Young Adult,Low,0,1,1,Mr
